timestamp,vx,vy,vz
1746609855.612129,-0.0029331583064049482,-0.00043484801426529884,0.00042843891424126923
1746609855.7557428,-0.0025813295505940914,9.394941571372328e-07,4.092427479918115e-05
1746609855.926862,-0.0025495258159935474,-0.00011891606845892966,9.615402814233676e-05
1746609856.0756521,-0.0015865435125306249,-0.0003574647707864642,0.00010552403546171263
1746609856.234553,-0.001374834799207747,-0.0003385581658221781,-3.4669164961087517e-06
1746609856.4062293,-0.0013960263459011912,0.0003474690020084381,-0.0005264608771540225
1746609856.5565345,-0.001569948741234839,0.000471660983748734,-0.0008208811632357538
1746609856.7170796,-0.000678772572427988,-0.00011950095358770341,-0.0004641060659196228
1746609856.8851779,-0.0006284116534516215,-0.00020045260316692293,-0.0010795161360874772
1746609857.0346794,-0.00046302753617055714,-6.405876774806529e-06,-0.0010776488343253732
1746609857.1976337,-0.0010710700880736113,7.563388498965651e-05,-0.0013579046353697777
1746609857.3660686,-0.0003113477723672986,-1.0288162229699083e-05,-0.0011427013669162989
1746609857.5186827,-0.001125310198403895,-3.8305654015857726e-05,-0.001019513700157404
1746609857.6759238,-0.00043920305324718356,0.0004764810437336564,-0.0010664152214303613
1746609857.8470564,-0.0007556210621260107,0.0005889332969672978,-0.001249378896318376
1746609857.9977329,-0.0006566088413819671,0.0008972212672233582,-0.0015077560674399137
1746609858.156803,-0.0007424529758282006,0.0007037424365989864,-0.001252744230441749
1746609858.327382,-0.00044827937381342053,0.00032064691185951233,-0.0012491513043642044
1746609858.4776287,-0.0008479488315060735,8.984765008790419e-05,-0.0016484109219163656
1746609858.638432,-0.0004624184803105891,-0.000598090176936239,-0.0015753057086840272
1746609858.8094401,-0.0011500376276671886,-0.0012014544336125255,-0.0009181519271805882
1746609858.958828,-0.0010017523309215903,-0.0010093585588037968,-0.0014159413985908031
1746609859.1185188,-0.0005283763748593628,-0.0015336815267801285,-0.0013810510281473398
1746609859.288882,-0.0006359881372191012,-0.0015154198044911027,-0.0015662414953112602
1746609859.4388628,-0.0009474906837567687,-0.0022311785724014044,-0.0013630465837195516
1746609859.5980039,-0.000878949067555368,-0.00220784661360085,-0.0016319898422807455
1746609859.7703686,-0.0009317202493548393,-0.0024594604037702084,-0.0019842979963868856
1746609859.9228816,-0.0012182482751086354,-0.0021141881588846445,-0.001945714931935072
1746609860.0799115,-0.0011805641697719693,-0.002268308075144887,-0.0024132090620696545
1746609860.2483926,-0.0011133113875985146,-0.0025242441333830357,-0.002202994655817747
1746609860.398366,-0.0011842775857076049,-0.002779522677883506,-0.0023679134901612997
1746609860.558193,-0.0014902068069204688,-0.003120607230812311,-0.0021004611626267433
1746609860.7445903,-0.0002450014872010797,0.0001418587053194642,-0.0022248735185712576
1746609860.8799357,-0.0004932319861836731,-0.00071570003638044,-0.0016705432208254933
1746609861.0390084,-0.00042950050556100905,-0.00130392424762249,-0.0016727419570088387
1746609861.2103646,-0.0009626662358641624,-0.0015524282352998853,-0.001514903036877513
1746609861.3640637,-0.0011141676222905517,-0.0019088669214397669,-0.001380639849230647
1746609861.5194135,-0.001071073696948588,-0.001604069140739739,-0.0016900732880458236
1746609861.690569,-0.0012061898596584797,-0.0021121997851878405,-0.0013057298492640257
1746609861.8400657,-0.001926930621266365,-0.0025028325617313385,-0.0015995308058336377
1746609861.9996512,-0.0016543988604098558,-0.0027494558598846197,-0.0016708968905732036
1746609862.1709592,-0.001993774436414242,-0.0034355425741523504,-0.0017964845756068826
1746609862.3222363,-0.00196485104970634,-0.003742277156561613,-0.0018543369369581342
1746609862.4820616,-0.0024936923291534185,-0.00478407135233283,-0.0016112372977659106
1746609862.6529703,-0.0029413201846182346,-0.004750986583530903,-0.00182533694896847
1746609862.8004792,-0.0003246097476221621,-0.0013984267134219408,-0.002137444680556655
1746609862.9622414,0.00035021069925278425,-0.002266762312501669,-0.0014997844118624926
1746609863.1328728,-6.604230293305591e-05,-0.0020278850570321083,-0.0023304279893636703
1746609863.2833474,-3.907575592165813e-05,-0.0024386157747358084,-0.002057277364656329
1746609863.4435234,1.6959149434114806e-05,-0.0024463015142828226,-0.0016830798704177141
1746609863.613244,-6.683400715701282e-05,-0.002575585851445794,-0.0018973354017361999
1746609863.7632341,-2.479803515598178e-05,-0.0027897523250430822,-0.001392610021866858
1746609863.9232013,-0.00017083098646253347,-0.002672783564776182,-0.001333912368863821
1746609864.0916836,-0.0002583330206107348,-0.0021783446427434683,-0.0013836638536304235
1746609864.244446,-0.0003536410804372281,-0.0019200413953512907,-0.0012953041587024927
1746609864.4033725,-0.00033330469159409404,-0.0013017391320317984,-0.0009994074935093522
1746609864.5745718,-0.0004202920536044985,-0.0005871027824468911,-0.0009507567738182843
1746609864.725084,-0.00023205537581816316,-0.0005075873341411352,-0.00043241740786470473
1746609864.884507,-0.0005668018711730838,-0.00030901466379873455,-0.00043640899821184576
1746609865.0563753,-0.0006576491869054735,0.0001468111586291343,-0.0001052535226335749
1746609865.202949,-0.0009499799343757331,0.0003503594780340791,-7.833675772417337e-05
1746609865.3644483,-0.0009565594373270869,0.00031628497526980937,-0.00029978889506310225
1746609865.5345962,-0.000555456499569118,0.00021240927162580192,-0.0004715445393230766
1746609865.6857648,-0.00042005948489531875,0.000130976433865726,-0.0005536425160244107
1746609865.8454607,-0.0007388051017187536,2.3373955627903342e-05,-0.0005900333053432405
1746609866.0139573,-0.000581387197598815,0.00017771864077076316,-0.0011136350221931934
1746609866.1647332,-0.00056076591135934,9.611903806217015e-05,-0.001039931201376021
1746609866.3234532,-0.0008130590431392193,-0.00010857660527108237,-0.0012593602295964956
1746609866.4948294,-0.0006616268074139953,6.312879122560844e-05,-0.001710604759864509
1746609866.644751,-0.0006439653807319701,0.0002962757716886699,-0.0015890501672402024
1746609866.8048625,-0.0007718948763795197,-9.847696492215618e-05,-0.0016845987411215901
1746609866.9758854,-0.000917628756724298,-0.0004304204776417464,-0.0015041917795315385
1746609867.1279132,-0.00030300277285277843,-0.0007506106630899012,-0.0008342043147422373
1746609867.2846463,-0.0006564537179656327,-0.0009728501318022609,-0.0007220590487122536
1746609867.4559963,-0.00035761488834396005,-0.0013918346958234906,-0.0008371194126084447
1746609867.606843,-0.0002827462740242481,-0.0012234457535669208,-0.0011306192027404904
1746609867.766693,-4.640193219529465e-05,-0.0015895572723820806,-0.0008838698850013316
1746609867.9359422,-7.588790322188288e-05,-0.0014693167759105563,-0.0006638068589381874
1746609868.0866761,0.00010285966709489003,-0.0009935065172612667,-0.0006676647462882102
1746609868.2465677,-0.00028524213121272624,-0.0013201243709772825,-0.00036351243034005165
1746609868.4182043,-0.0006481719901785254,-0.0008606492774561048,-0.00034626811975613236
1746609868.5679972,-0.0009350643376819789,-0.001215426716953516,0.0001696840045042336
1746609868.7269576,-0.0009048713836818933,-0.0009800739353522658,5.865798448212445e-05
1746609868.8986595,-0.0016236561350524426,-0.0005797077319584787,-0.00035779402242042124
1746609869.047704,-0.0004806753422599286,-0.0012225237442180514,0.0005033006891608238
1746609869.207711,-0.0009025174658745527,-0.0006172433495521545,0.00015003095904830843
1746609869.3786569,-0.0002284123474964872,-0.0008131657959893346,0.0001603042328497395
1746609869.5289555,-0.0005399934016168118,-0.000832664140034467,5.600295480689965e-05
1746609869.688103,-0.0003738323866855353,-0.00104921730235219,0.0003453985264059156
1746609869.8591027,-0.000626198248937726,-0.0011949663748964667,0.0004843642527703196
1746609870.0168726,-0.0003790320479311049,-0.000960258359555155,0.0004796821449417621
1746609870.2147396,-0.0004763171018566936,-0.0013313292292878032,0.0004890112904831767
1746609870.338228,-0.0003799320256803185,-0.0012989304959774017,0.0007975594489835203
1746609870.487741,-0.000404776306822896,-0.0016189401503652334,0.0009558732272125781
1746609870.650669,-6.237701018108055e-05,-0.0013856632867828012,0.0015503291506320238
1746609870.8186533,-0.00025048048701137304,-0.0015161060728132725,0.0015942114405333996
1746609870.967682,-0.0001915248722070828,-0.0009278971119783819,0.0016557486960664392
1746609871.1310017,0.0002122974256053567,-0.00027915977989323437,0.0010450218105688691
1746609871.3019183,0.00034655907074920833,-0.00017505453433841467,0.0013538174098357558
1746609871.4496186,4.839818211621605e-05,-0.0006521454197354615,0.002103264909237623
1746609871.6177347,0.00018175551667809486,1.9355942640686408e-05,0.002316634636372328
1746609871.7794187,0.0004222536226734519,0.00015329517191275954,0.001983779249712825
1746609871.929282,0.00033087056363001466,-0.0001630667975405231,0.002980936784297228
1746609872.089671,-7.342408935073763e-05,0.0004449236439540982,0.0022976244799792767
1746609872.2614133,0.0006432045483961701,-0.00017806720279622823,0.0028000024612993
1746609872.4176972,0.00045563807361759245,0.00014027180441189557,0.002738663926720619
1746609872.5708885,0.00042089971248060465,0.00016271568892989308,0.0029455639887601137
1746609872.7416546,0.0005009628366678953,-2.7058140403823927e-05,0.0031043156050145626
1746609872.8914306,0.00041849384433589876,-0.0002182618627557531,0.003174201585352421
1746609873.0570753,0.0007152629550546408,-0.00036688230466097593,0.003206829074770212
1746609873.2216372,0.0008702455670572817,-0.0007966772536747158,0.0031735107768326998
1746609873.3719826,0.0004349274968262762,-0.0006580993067473173,0.0026145705487579107
1746609873.5311823,0.0009225723915733397,-0.0011760452762246132,0.0027626364026218653
1746609873.703057,0.00022172491298988461,-0.0011334798764437437,0.0020978939719498158
1746609873.8532155,0.0010450216941535473,-0.0011510261101648211,0.00238354061730206
1746609874.0188355,-0.0010806043865159154,0.0005134153179824352,5.028776649851352e-05
1746609874.1832268,0.0014727747766301036,-0.001016956171952188,0.0022439516615122557
1746609874.3355832,0.0005280814948491752,-0.00034467672230675817,0.0017375682946294546
1746609874.493394,-0.00020518719975370914,-0.0005732386489398777,0.0016432557022199035
1746609874.6644716,0.00032174194348044693,-0.00022446028015110642,0.001670928206294775
1746609874.8162725,0.00038990043685771525,-0.0007931027212180197,0.002077976008877158
1746609874.9775784,0.0003252232272643596,-0.0005364631651900709,0.0022150042932480574
1746609875.1469676,0.0004372169205453247,-0.000677188450936228,0.002407483058050275
1746609875.297221,-0.0009395474917255342,0.0011034738272428513,0.001713241683319211
1746609875.4523494,-0.00021495904366020113,0.0006286073476076126,0.002579394495114684
1746609875.6322508,-0.000626574270427227,0.0005158112035132945,0.0021795532666146755
1746609875.7742903,-0.0005655135028064251,8.155415707733482e-05,0.0023009798023849726
1746609875.933407,0.00027721532387658954,-0.0005075419903732836,0.0030701206997036934
1746609876.1046767,-0.0013775329571217299,0.00016043063078541309,0.002229630947113037
1746609876.254208,-0.0011505632428452373,-0.0006768883322365582,0.0026404806412756443
1746609876.420224,-0.001420312561094761,-0.0007754496182315052,0.002590699354186654
1746609876.5846808,-0.0011788428528234363,-0.0007219428080134094,0.0022558083292096853
1746609876.7344775,-0.0012741608079522848,-0.0007808563532307744,0.0023411517031490803
1746609876.894371,-0.001098106848075986,-0.0007232859497889876,0.002364551415666938
1746609877.070385,-0.0014473290648311377,-0.00020524019782897085,0.0022194795310497284
1746609877.2163835,-0.0007163759437389672,-0.0001892690925160423,0.0024849623441696167
1746609877.3765736,-0.0011139677371829748,-6.486620259238407e-05,0.0024090034421533346
1746609877.5495057,-0.0007469345582649112,1.532900205347687e-05,0.0027691416908055544
1746609877.6953459,-0.0004833097627852112,0.0005577736301347613,0.002591923112049699
1746609877.857835,0.0007600531098432839,-0.00025673717027530074,0.004267553333193064
1746609878.0295792,6.760818359907717e-05,8.811678708298132e-05,0.0038646995089948177
1746609878.1758766,-3.5086886782664806e-05,-0.00018664993694983423,0.0041631716303527355
1746609878.3375778,-0.0001564204430906102,7.9638026363682e-05,0.0043777539394795895
1746609878.507386,-0.00011381626245565712,0.0001604368444532156,0.004887868650257587
1746609878.657697,-8.361222717212513e-05,0.0001993559126276523,0.005248343106359243
1746609878.817418,-0.0002643793122842908,9.85989609034732e-05,0.0054010977037250996
1746609878.987437,-0.0004502877127379179,0.0001223694416694343,0.0055697159841656685
1746609879.1408598,-0.0008306666277348995,0.00019814976258203387,0.005799529608339071
1746609879.3026738,-0.000589607167057693,-3.645001561380923e-05,0.006136102136224508
1746609879.4716444,-0.000974673661403358,-0.00039791574818082154,0.0062821367755532265
1746609879.62112,-0.0011789266718551517,-0.00037752435309812427,0.006190975196659565
1746609879.7777774,-0.0012428014306351542,-0.00015827557945158333,0.006491473410278559
1746609879.9474323,-0.0011431693565100431,-0.0004487070254981518,0.006336059886962175
1746609880.0968134,-0.0008812241721898317,-0.00013938953634351492,0.006392273586243391
1746609880.258655,-0.0014570808270946145,-0.00043248740257695317,0.006305421236902475
1746609880.4308372,-0.001535505405627191,-0.00012284681724850088,0.0058188964612782
1746609880.5798116,-0.0013354133116081357,-0.0007668246398679912,0.005748935975134373
1746609880.7388675,-0.0016799644799903035,-0.0007373111438937485,0.005269643850624561
1746609880.913343,-0.0014982079155743122,-0.0010305988835170865,0.005316200666129589
1746609881.062638,-0.001885663834400475,-0.0007650986080989242,0.004594657104462385
1746609881.2195501,-0.0018155783182010055,-0.0010003652423620224,0.0044805253855884075
1746609881.389067,-0.0017845825059339404,-0.000549832999240607,0.003776601981371641
1746609881.5390654,-0.0016421441687271,-0.0007142213871702552,0.0034444190096110106
1746609881.7008765,-0.0011096574598923326,-0.00031707395100966096,0.0031728926114737988
1746609881.8700166,-0.0006736994837410748,-0.00016198681259993464,0.0032130395993590355
1746609882.0219448,-0.00031488726381212473,0.0002626958885230124,0.0029134873766452074
1746609882.181091,-5.128615157445893e-05,0.0003544068895280361,0.0027531886007636786
1746609882.3492656,-1.712958692223765e-05,0.0007015851442702115,0.002542932750657201
1746609882.4999647,-8.459528908133507e-05,0.0010419434402137995,0.0025218473747372627
1746609882.662119,0.00017833118909038603,0.001441746368072927,0.0023010934237390757
1746609882.8302484,-0.0005128915072418749,0.0017061452381312847,0.0018474708776921034
1746609882.9808574,-0.0002195023698732257,0.001165664754807949,0.001863649464212358
1746609883.140924,-0.0003541936748661101,0.0011950067710131407,0.0013204080751165748
1746609883.311857,-0.0005737750325351954,0.0008332132128998637,0.0010063712252303958
1746609883.4622731,-0.001620162627659738,0.001936621149070561,-1.4112390999798663e-05
1746609883.6214476,0.00043338164687156677,-0.00022277436801232398,0.0018462293082848191
1746609883.792373,-0.0008313280995935202,0.0008770445128902793,-0.0008931485936045647
1746609883.9421432,0.0007526843692176044,-4.261876256350661e-06,0.0004617356462404132
1746609884.1019173,-0.0003248786961194128,0.00037964622606523335,8.207662176573649e-05
1746609884.2729652,-0.00011507956514833495,7.816787547199056e-05,0.0007645798614248633
1746609884.4254134,-0.00034839275758713484,0.00023703368788119406,0.0006613470613956451
1746609884.582203,-6.416307587642223e-05,-7.407269004033878e-05,0.0008010325254872441
1746609884.7529826,0.00026217364938929677,-3.762825144804083e-05,0.000838753127027303
1746609884.90112,6.081738683860749e-05,0.00022723463189322501,-6.629491690546274e-05
1746609885.0644362,0.0004746460181195289,0.00013732323714066297,0.00014669819211121649
1746609885.2372556,0.0009768459713086486,-6.0383881645975634e-05,-0.0002029813767876476
1746609885.3875742,-0.0007572320755571127,0.0007244997541420162,-0.0011203456670045853
1746609885.5478215,-0.0006010881043039262,0.0005051609477959573,-0.0008712755516171455
1746609885.715703,-0.00021514398395083845,0.0007523896056227386,-0.0009886447805911303
1746609885.8633578,9.871217480394989e-05,0.0006242107483558357,-0.00040299692773260176
1746609886.028367,-0.0011363147059455514,0.000763692194595933,-0.0008287442615255713
1746609886.196276,2.200024391640909e-05,0.0004995967610739172,0.0002516846579965204
1746609886.3431563,-0.002041222993284464,0.00038993239286355674,0.0013589102309197187
1746609886.5052764,0.000357915268978104,0.0005819969228468835,0.0018554002745077014
1746609886.67458,0.0002577339473646134,0.0011207261122763157,0.002326390938833356
1746609886.8271627,-0.0008706793887540698,0.0008634334080852568,0.0019147149287164211
1746609886.9870157,-0.00010922635556198657,0.0009390644845552742,0.002687147818505764
1746609887.159791,-9.241356019629166e-05,0.0003640280046965927,0.003172689350321889
1746609887.304691,-0.0006475571426562965,0.00023464309924747795,0.0031898131128400564
1746609887.4647489,-0.0020823266822844744,0.0013007915113121271,0.0025823526084423065
1746609887.639438,-0.0009808128233999014,0.0007845175568945706,0.00303727388381958
1746609887.7852144,-0.0022565394174307585,0.0009711309103295207,0.0024011984933167696
1746609887.9442215,-0.00207511056214571,0.000282318884273991,0.0028308702167123556
1746609888.1161065,-0.0028123909141868353,0.00033367681317031384,0.0021756566129624844
1746609888.2670598,-0.0021918939892202616,8.658123988425359e-05,0.0022614262998104095
1746609888.4255579,-0.0034487994853407145,-0.00023861834779381752,0.0019261614652350545
1746609888.6008117,-0.003360351547598839,-1.4360429304360878e-05,0.0011130479397252202
1746609888.74987,-0.003597780829295516,-0.0005861390382051468,0.0013497377512976527
1746609888.9063404,-0.003973495215177536,-0.0003413025406189263,0.0011745095252990723
1746609889.080959,-0.0042812637984752655,-0.00047237277613021433,0.0009452263475395739
1746609889.2341747,-0.0004397649026941508,1.7328527974314056e-05,0.0011277643498033285
1746609889.387529,-0.0007028827094472945,-3.5427859984338284e-05,0.0008618652354925871
1746609889.5582097,-0.0009591762209311128,-0.0003083619230892509,0.0006266077398322523
1746609889.708442,-0.0012039676075801253,-0.00021501565061043948,0.0005680190515704453
1746609889.8673673,-0.0008538458496332169,-0.00027507558115758,0.0006526983343064785
1746609890.0367246,-0.001256649848073721,-0.0002898637903854251,0.0005198817816562951
1746609890.1864607,-0.001308124396018684,-0.00022045147488825023,0.0005234884447418153
1746609890.3486428,-0.001376776723191142,-0.0004374307463876903,0.0005521850544027984
1746609890.5171788,-0.0013314479729160666,-9.197902545565739e-05,-0.00010518061753828079
1746609890.6675105,-0.0010787000646814704,-0.0005162338493391871,-0.00014964710862841457
1746609890.8294888,-0.0012273152824491262,0.00011858822836074978,-0.000457387970527634
1746609891.000941,-0.0007490877178497612,-0.00031478836899623275,-0.0005056937225162983
1746609891.147498,-0.0006292574107646942,-0.00015835509111639112,-0.000502338691148907
1746609891.313322,-0.00012787462037522346,-0.0006554011488333344,-0.0003907576319761574
1746609891.483573,0.00028423703042790294,1.172251722891815e-05,-0.0004001653869636357
1746609891.6327748,0.000939726538490504,-0.0001009460465866141,0.00021410836779978126
1746609891.7904553,0.0004758487921208143,0.0008076302474364638,-8.66028422024101e-05
1746609891.95896,0.0010392761323601007,0.0004405232612043619,0.000944461498875171
1746609892.1091447,-4.3169933633180335e-05,0.000830730190500617,-0.0003521077742334455
1746609892.2686975,2.618560756673105e-05,0.0004308604111429304,0.00014054733037482947
1746609892.440246,2.548571865190752e-05,0.000493749394081533,-0.00011822930537164211
1746609892.5896776,-2.752698492258787e-05,0.00039241855847649276,7.514504250138998e-05
1746609892.7488177,-0.00035222203587181866,0.0004907997790724039,0.0004361338505987078
1746609892.920114,-0.0010169834131374955,0.0005158372223377228,0.000697934243362397
1746609893.0699418,-0.001276525086723268,0.00043821014696732163,0.0009012792725116014
1746609893.2296922,-0.0014570472994819283,0.0004618398961611092,0.0005939241382293403
1746609893.401477,-0.0018517227144911885,0.00025511920102871954,0.00035985588328912854
1746609893.5508325,-0.0020517937373369932,6.333476630970836e-05,0.00021576762082986534
1746609893.7099292,-0.0022619098890572786,-0.00041569623863324523,-3.3221886042156257e-06
1746609893.8810968,-0.0026214895769953728,-0.0006252629682421684,-0.00039718166226521134
1746609894.031005,-0.0026687730569392443,-0.0009326761937700212,-0.0010199545649811625
1746609894.1917174,-0.002645183587446809,-0.000684675935190171,-0.0012422765139490366
1746609894.3633265,-0.0025904544163495302,-0.00037269300082698464,-0.0013761057052761316
1746609894.519651,-0.001606353442184627,-0.0005487119196914136,-0.001387158059515059
1746609894.6717062,-0.0016169798327609897,0.0004106247506570071,-0.0017910031601786613
1746609894.8459268,-0.0011540408013388515,-0.0005368664860725403,-0.0014073745114728808
1746609894.9973106,-0.0010845231590792537,0.00026371239800937474,-0.002271643839776516
1746609895.151779,-0.0007884280057623982,-0.0006008948548696935,-0.002088088309392333
1746609895.3243036,-0.0007960632210597396,-0.0006989967660047114,-0.002247389405965805
1746609895.4737563,-0.00053544802358374,-0.0008309976547025144,-0.0026271205861121416
1746609895.6333766,-0.0012097499566152692,-0.0005328057450242341,-0.0033404717687517405
1746609895.8759234,-0.0011185669573023915,-0.0011305115185678005,-0.0030449056066572666
1746609895.9558635,-0.0014424498658627272,-0.0006926844362169504,-0.003597545437514782
1746609896.123457,-0.0013965364778414369,-0.0009836511453613639,-0.0031376241240650415
1746609896.2873988,2.4502165615558624e-05,-4.3288644519634545e-05,-0.003141924971714616
1746609896.4331746,0.0006638211198151112,-0.0003644368262030184,-0.002380726160481572
1746609896.5986233,0.00027542473981156945,-0.0003325746220070869,-0.002247612224891782
1746609896.7692144,0.0003109714016318321,-0.0004263999580871314,-0.002230994636192918
1746609896.9195426,-0.00040550934500060976,-0.0002881543477997184,-0.001834570080973208
1746609897.0748894,-0.0005800810758955777,-0.00010497733455849811,-0.0018427289323881269
1746609897.2464411,-0.0006520306342281401,-8.875841740518808e-05,-0.00218373560346663
1746609897.3962984,-0.0009653011802583933,2.2475325749837793e-05,-0.0021000050473958254
1746609897.5560842,-0.0009938974399119616,0.00037515649455599487,-0.0022854330018162727
1746609897.7346535,-0.0013270329218357801,0.0004291051300242543,-0.002405088162049651
1746609897.8739588,-0.0012082221219316125,8.9224377006758e-05,-0.0025337529368698597
1746609898.035885,-0.001157703809440136,-0.00017423841927666217,-0.002707482548430562
1746609898.204418,-0.0008105585584416986,-0.0005754409357905388,-0.002487336052581668
1746609898.3553276,-0.0008660267922095954,-0.0005044394638389349,-0.0026670205406844616
1746609898.51791,-0.0004946901462972164,-0.0009410837665200233,-0.0023674287367612123
1746609898.6857617,-0.0006637912592850626,-0.0009525272762402892,-0.0028600182849913836
1746609898.8359036,-0.0006311032338999212,-0.0012487475760281086,-0.003337463364005089
1746609898.9949546,-0.0006443705642595887,-0.0011987616308033466,-0.0036979136057198048
1746609899.1668715,-0.0005086039309389889,-0.0012955785496160388,-0.0037541177589446306
1746609899.3202405,-0.0007093214080668986,-0.001462042797356844,-0.003823768813163042
1746609899.4762433,-0.0008126777829602361,-0.0012618640903383493,-0.0043455152772367
1746609899.6472259,-0.0006810741615481675,-0.001051892526447773,-0.004371433053165674
1746609899.7986429,-0.000832254474516958,-0.0006347074522636831,-0.00477190688252449
1746609899.9609387,-0.0004961174563504755,-0.00010714567179093137,-0.004915811121463776
1746609900.131361,-6.835844396846369e-05,-0.00013408239465206861,-0.005375612992793322
1746609900.2791975,-0.00012868551129940897,0.00025828610523603857,-0.00558554707095027
1746609900.4381707,-9.51693655224517e-05,0.00031744508305564523,-0.005484036169946194
1746609900.607517,2.195155138906557e-05,0.000528404547367245,-0.005276408512145281
1746609900.7571325,0.00012526492355391383,0.0007152511971071362,-0.00559788104146719
1746609900.9196606,1.2883718227385543e-05,0.0009203344816341996,-0.006015504244714975
1746609901.087405,0.00017760017362888902,0.0009055168484337628,-0.0058450824581086636
1746609901.2391744,0.00021466598263941705,0.0007500166539102793,-0.005582903046160936
1746609901.3993115,0.0009182519279420376,0.0007674769731238484,-0.0055776010267436504
1746609901.5685523,0.0006078537553548813,0.0008389592403545976,-0.006021461449563503
1746609901.7202451,0.0008815618930384517,0.0005403575487434864,-0.005874730180948973
1746609901.8772187,0.0009025835315696895,0.0004831712576560676,-0.006157692056149244
1746609902.0488045,0.0011372180888429284,0.0002015652135014534,-0.005985134281218052
1746609902.2023072,0.0007998127839528024,7.271071808645502e-05,-0.0064800456166267395
1746609902.3617206,0.0008040553657338023,0.00013212836347520351,-0.006615028716623783
1746609902.530203,0.0006530616665259004,0.00019809261721093208,-0.006965067237615585
1746609902.678346,0.00021214125445112586,6.932787800906226e-05,-0.007363207638263702
1746609902.840483,3.563725476851687e-05,3.703545007738285e-05,-0.0077007850632071495
1746609903.0101388,9.511291864328086e-05,0.0003374264342710376,-0.00773225212469697
1746609903.1587374,-0.000279583822702989,0.0002884593268390745,-0.008072496391832829
1746609903.322249,-0.00018354394705966115,0.0005827250424772501,-0.00811457633972168
1746609903.489716,4.6574485168093815e-05,0.0006337931845337152,-0.007940065115690231
1746609903.6409357,-0.001066272146999836,0.00041839879122562706,-0.008309162221848965
1746609903.8024838,0.0008244425407610834,0.00038201198913156986,-0.007988243363797665
1746609903.9739993,-0.0001330371742369607,0.0007312027737498283,-0.008812499232590199
1746609904.1231067,0.0005038187373429537,0.00022658034868072718,-0.008588016964495182
1746609904.2792773,0.00022449815878644586,0.0005539505509659648,-0.009409352205693722
1746609904.4543834,0.0004339610750321299,0.0003391841019038111,-0.00953609962016344
1746609904.6005588,-0.00023330377007368952,0.00020366600074339658,-0.010359903797507286
1746609904.7624295,-2.348903944948688e-05,-1.8328697478864342e-05,-0.01077725738286972
1746609904.9330232,0.00013357828720472753,-0.0001590211468283087,-0.011301727965474129
1746609905.2338998,-0.00023268036602530628,4.430001808941597e-06,-0.012044952251017094
1746609905.2734556,-0.00016550900181755424,2.8491454941104166e-05,-0.012903036549687386
1746609905.4361029,-0.0008841473027132452,2.557600055297371e-05,-0.013738840818405151
1746609905.565471,-0.0003874797257594764,-0.0001740898151183501,-0.013518122024834156
1746609905.732218,-0.0005378861678764224,-0.00020389785640873015,-0.013449267484247684
1746609905.8971927,-0.0005491487681865692,5.406046693678945e-05,-0.013438008725643158
1746609906.0457609,-0.0007263265433721244,0.00014219469449017197,-0.013072795234620571
1746609906.2058706,-0.0010979316430166364,0.00022629233717452735,-0.01268953736871481
1746609906.4414194,-0.0015723041724413633,0.00012131757830502465,-0.012646139599382877
1746609906.5436451,-0.0018178810132667422,7.947041012812406e-05,-0.012438538484275341
1746609906.6847198,-0.0020241893362253904,-0.00017025633133016527,-0.01199284102767706
1746609906.8753123,-0.0019898463506251574,-0.0004954232717864215,-0.011889484710991383
1746609907.0053291,-0.0022637511137872934,-0.0003487520443741232,-0.011957615613937378
1746609907.1679652,-0.0024458016268908978,-0.00045860392856411636,-0.012062205001711845
1746609907.3354526,-0.0025685818400233984,-0.0003398678090889007,-0.012211283668875694
1746609907.482551,-0.0019574500620365143,-0.0003928828227799386,-0.012236968614161015
1746609907.6446447,-0.0015249601565301418,-0.0003262955287937075,-0.012297133915126324
1746609907.8152475,-0.0008736299932934344,-0.0007357393042184412,-0.012270433828234673
1746609907.964714,-0.0008337831823155284,1.8526583517086692e-05,-0.01257198117673397
1746609908.123545,0.0005674132262356579,0.000207268021767959,-0.01237737201154232
1746609908.2951198,0.0004122320387978107,0.0013078608317300677,-0.012872433289885521
1746609908.4447403,0.001300924108363688,0.001022794866003096,-0.012721753679215908
1746609908.603633,0.0005867415457032621,0.0017084432765841484,-0.013652456924319267
1746609908.77812,0.0018993047997355461,0.0014380692737177014,-0.01200570072978735
1746609908.9304273,0.003336358582600951,-0.001104147988371551,-0.009407293051481247
1746609909.0876625,0.0019335203105583787,0.0015467010671272874,-0.01190210971981287
1746609909.2597973,0.003550045657902956,-0.0012597298482432961,-0.009695934131741524
1746609909.4068613,0.0026312011759728193,0.00014295392611529678,-0.010817405767738819
1746609909.5657277,0.0024897500406950712,-5.764592424384318e-05,-0.010327903553843498
1746609909.7360373,0.0021397580858319998,-1.0632780686137266e-05,-0.01027605403214693
1746609909.8867984,0.002320874249562621,-0.0006836160901002586,-0.009647142142057419
1746609910.045644,0.002405578503385186,-0.0005262159393168986,-0.009556916542351246
1746609910.21739,0.002492011059075594,-0.0006154219736345112,-0.009372458793222904
1746609910.3668249,0.0017173312371596694,-0.0005238618468865752,-0.009182709269225597
1746609910.5260754,0.00202383054420352,-0.0008550735074095428,-0.008645124733448029
1746609910.6989853,0.0013990579172968864,-0.000676619412843138,-0.008348028175532818
1746609910.8465986,0.001742503372952342,-0.0003916075511369854,-0.007754175923764706
1746609911.0059574,0.0016271377680823207,0.00011120682756882161,-0.008051536045968533
1746609911.1813598,0.003765291767194867,-0.001373057602904737,-0.0066017392091453075
1746609911.3328505,0.0023900449741631746,0.0003407518961466849,-0.008960033766925335
1746609911.4860337,0.002859576605260372,0.0003306176222395152,-0.009202455170452595
1746609911.6607783,0.003518529701977968,0.0002659037127159536,-0.009587187319993973
1746609911.806878,0.004128532484173775,-8.520543633494526e-05,-0.009795976802706718
1746609911.9666514,0.004879428539425135,-1.4094539437792264e-05,-0.010012310929596424
1746609912.13817,0.00442854966968298,0.0008124897722154856,-0.01166045106947422
1746609912.2885022,0.0058351666666567326,0.0003099998866673559,-0.01166904903948307
1746609912.446813,0.006822338793426752,-0.00032534674392081797,-0.011548608541488647
1746609912.6182218,0.007612030953168869,-0.0005528366309590638,-0.012094897218048573
1746609912.768956,0.007148909382522106,-0.0006768807070329785,-0.012785656377673149
1746609912.9277997,0.008997732773423195,-0.001565484912134707,-0.011759364046156406
1746609913.099266,0.001632711966522038,-0.0007860067998990417,-0.01193808950483799
1746609913.250088,0.002154737478122115,-0.0013416941510513425,-0.010637318715453148
1746609913.4090536,0.0011890135938301682,-0.001400198438204825,-0.010353846475481987
1746609913.5804162,0.0023223806638270617,-0.0020882543176412582,-0.008558567613363266
1746609913.732106,0.0018383091082796454,-0.0015194301959127188,-0.008415608666837215
1746609913.890012,0.0018778343219310045,-0.0019033754942938685,-0.007673643995076418
1746609914.0608938,0.002396864350885153,-0.001895420253276825,-0.007363813929259777
1746609914.2111952,0.00296268449164927,-0.0020766661036759615,-0.0066375648602843285
1746609914.3702137,0.0027940841391682625,-0.0017808768898248672,-0.006742129568010569
1746609914.5444727,0.003250530920922756,-0.002260578563436866,-0.006219708826392889
1746609914.690913,0.0022145784460008144,-0.0017602007137611508,-0.006797504145652056
1746609914.8509753,0.0016217660158872604,-0.0015754716005176306,-0.007243465166538954
1746609915.0220382,0.0016660714754834771,-0.0014811252476647496,-0.006640781182795763
1746609915.1755264,0.001498522935435176,-0.0014847118873149157,-0.006305912043899298
1746609915.3320818,0.0009891660884022713,-0.0014929795870557427,-0.00568268122151494
1746609915.5051165,0.0006175854941830039,-0.001125338370911777,-0.005720506422221661
1746609915.652069,0.0004778869915753603,-0.0010394653072580695,-0.004956187680363655
1746609915.811087,0.0008478393428958952,-0.001041028299368918,-0.004724850412458181
1746609915.9822583,0.00028348396881483495,-0.0007148487493395805,-0.004471092950552702
1746609916.1334507,0.0006459826836362481,-0.0006590196280740201,-0.0042322250083088875
1746609916.2931292,0.000426312763011083,-0.00029104400891810656,-0.004511989653110504
1746609916.4629931,0.0006285522249527276,-0.0003629345155786723,-0.004395210649818182
1746609916.612247,0.0005618382128886878,-0.0004256645042914897,-0.004121717531234026
1746609916.7718232,0.0003347480669617653,-0.00021904564346186817,-0.0038861040957272053
1746609916.942264,0.00016397680155932903,9.906062041409314e-05,-0.003714920487254858
1746609917.0921025,0.00037588246050290763,-0.00010876301530515775,-0.0033381711691617966
1746609917.2542067,0.00025635375641286373,0.0006317996885627508,-0.004110391717404127
1746609917.4274786,0.0007934070308692753,8.345213427674025e-05,-0.0036473157815635204
1746609917.5721462,0.0008689785609021783,8.262754272436723e-05,-0.003737814025953412
1746609917.7320335,0.0012858717236667871,0.00014063558774068952,-0.003471868811175227
1746609917.906598,0.0009766091825440526,6.790093175368384e-05,-0.003996689338237047
1746609918.0609035,0.0011420192895457149,-0.00035838843905366957,-0.0037305967416614294
1746609918.21802,0.0011477580992504954,-0.00044658276601694524,-0.0039468612521886826
1746609918.3882668,0.002375807613134384,-0.0006567379459738731,-0.003724123816937208
1746609918.5349934,0.0021334614139050245,-0.0004513376916293055,-0.004242792725563049
1746609918.697362,0.0026301925536245108,-0.0005981866852380335,-0.00450587784871459
1746609918.8647044,0.002881725551560521,-0.0007808401715010405,-0.0043636527843773365
1746609919.0212076,0.0033038598485291004,-0.0006693002651445568,-0.00506941182538867
1746609919.1733904,0.0031053621787577868,-0.0006575217703357339,-0.005251192022114992
1746609919.3455641,0.00304949888959527,-0.0006479937583208084,-0.005458624102175236
1746609919.4972355,0.002894491655752063,-0.0009695802582427859,-0.006016958970576525
1746609919.6555152,0.003119758563116193,-0.0008693700656294823,-0.006584899965673685
1746609919.8280714,0.0037683637347072363,-0.001279377844184637,-0.007017996162176132
1746609919.974303,0.003282914636656642,-0.0006951215327717364,-0.007952084764838219
1746609920.1363955,0.0004424953367561102,-2.3624746972927824e-05,-0.008062435314059258
1746609920.3072329,0.00031776298419572413,0.00022335146786645055,-0.008023278787732124
1746609920.4545834,0.0007555726333521307,0.00041504797991365194,-0.008027348667383194
1746609920.6198554,0.0004782059113495052,0.0005157307023182511,-0.008269643411040306
1746609920.7856743,0.00033253588480874896,0.0005618420545943081,-0.008422473445534706
1746609920.9356527,0.00041315238922834396,0.00033640002948231995,-0.008336768485605717
1746609921.0974529,0.0005852683680132031,6.85075792716816e-05,-0.008027633652091026
1746609921.265786,0.00011196306149940938,0.0004967603599652648,-0.008137532509863377
1746609921.4221654,0.0007494327728636563,-0.00013816719001624733,-0.0075370753183960915
1746609921.5752025,-4.914251258014701e-05,0.00010610597382765263,-0.007915486581623554
1746609921.7467299,0.000897826801519841,-0.0004988866276107728,-0.007134009152650833
1746609921.8963075,0.00019769913342315704,-0.00021537447173614055,-0.0072670080699026585
1746609922.0589514,0.00029200324206613004,-0.0006647544214501977,-0.007195552345365286
1746609922.2268891,-0.0002519556728657335,-0.0007472038851119578,-0.007085898425430059
1746609922.376564,-0.0009581273188814521,-0.000801358837634325,-0.007023591548204422
1746609922.5391126,-0.001847072271630168,-0.0009003794402815402,-0.007413197308778763
1746609922.7076356,-0.0012394881341606379,-0.0011422446696087718,-0.007109657395631075
1746609922.857315,-0.0014455243945121765,-0.0011863791150972247,-0.007269733585417271
1746609923.0239742,-0.0011325936065986753,-0.0016115173930302262,-0.007217761129140854
1746609923.1888428,-0.0015655693132430315,-0.001500435289926827,-0.007764930371195078
1746609923.3385355,-0.0009815827943384647,-0.0018159357132390141,-0.00778061430901289
1746609923.4980993,-0.0013904188526794314,-0.0016439446480944753,-0.008398517966270447
1746609923.6686704,-0.0004908092669211328,-0.0015530025120824575,-0.008048237301409245
1746609923.8218975,-0.000661979429423809,-0.0009710763697512448,-0.008178087882697582
1746609923.9773383,-0.00020787205721717328,-0.0008353693410754204,-0.007860871963202953
1746609924.1488695,-3.917760113836266e-05,-0.0008775100577622652,-0.007996256463229656
1746609924.2985547,0.00010190924513153732,-0.0009599989862181246,-0.008100382052361965
1746609924.4605675,5.1551884098444134e-05,-0.0006837623659521341,-0.00836750864982605
1746609924.6322563,0.0002071137714665383,-0.000618115474935621,-0.008516923524439335
1746609924.778285,4.249787161825225e-05,-0.0002666488871909678,-0.008202007040381432
1746609924.9404886,-4.696657197200693e-05,4.715665272669867e-05,-0.007989848963916302
1746609925.1116695,4.3820327846333385e-05,0.00029367912793532014,-0.007830681279301643
1746609925.258737,-0.0005150897777639329,0.00010073506564367563,-0.007772717624902725
1746609925.425224,-0.00047626320156268775,0.0003037180285900831,-0.007660201750695705
1746609925.593112,-0.0009328484302386642,0.000246886775130406,-0.007571490481495857
1746609925.7396653,-0.0002991883084177971,-0.00023223069729283452,-0.006838472560048103
1746609925.8998673,3.388899131095968e-06,-0.0004561857203952968,-0.006638501305133104
1746609926.0765693,0.0003667498240247369,-0.0008734263828955591,-0.006285704206675291
1746609926.2250762,0.00020956745720468462,-0.0009997887536883354,-0.006339134182780981
1746609926.3807542,0.0004442241042852402,-0.0012151732807978988,-0.006119519006460905
1746609926.5542054,0.0004856122250203043,-0.0010714872041717172,-0.005798004567623138
1746609926.7069354,0.000593374134041369,-0.0007643766002729535,-0.00594892306253314
1746609926.8606105,0.0005635758861899376,-0.0005177515558898449,-0.006049752235412598
1746609927.038384,0.000416518043493852,-0.0002156662376364693,-0.005990401841700077
1746609927.1851254,0.000168910512002185,0.0002515686210244894,-0.005994305480271578
1746609927.3407905,0.00011640308366622776,0.000499573303386569,-0.005517839454114437
1746609927.5128436,0.00021389336325228214,0.0007439925102517009,-0.005553975701332092
1746609927.666644,3.689655568450689e-05,0.0010628290474414825,-0.005300432909280062
1746609927.8221252,2.3493837943533435e-05,0.0010805828496813774,-0.0052762217819690704
1746609927.9930243,0.0005046149017289281,0.0010766409104689956,-0.004576645791530609
1746609928.1427433,2.328315531485714e-06,0.0010743950260803103,-0.0047945016995072365
1746609928.3015654,0.00011459358938736841,0.0008211365784518421,-0.004168668761849403
1746609928.473552,3.9254151488421485e-05,0.0008607519557699561,-0.004538607783615589
1746609928.6247673,5.460575994220562e-05,0.0007667511817999184,-0.004430410452187061
1746609928.7847164,-5.124331801198423e-05,0.0006399811245501041,-0.004638294223695993
1746609928.9569347,-0.00035232206573709846,0.000304101879009977,-0.004682452417910099
1746609929.1078513,0.00048570369835942984,0.0003707812575157732,-0.004366021137684584
1746609929.2628627,0.0005622892058454454,7.665822340641171e-05,-0.004328572656959295
1746609929.4344995,0.0002684256760403514,0.0002729319967329502,-0.004703061655163765
1746609929.5826705,0.0008640276500955224,0.00024139377637766302,-0.00496650580316782
1746609929.7445636,0.001167915528640151,-2.037538433796726e-05,-0.004670917056500912
1746609929.915818,0.0006846088217571378,-3.4189968573627993e-05,-0.005141898989677429
1746609930.0669365,0.0006062593311071396,4.056199759361334e-05,-0.005593821406364441
1746609930.2250228,0.00038876221515238285,-0.00010491805733181536,-0.005929387640208006
1746609930.39815,9.842116560321301e-05,-0.00019753222295548767,-0.00624424871057272
1746609930.547664,5.6508077250327915e-05,-0.0004826905205845833,-0.0061816382221877575
1746609930.7036676,-0.0001187777888844721,-0.00017087298328988254,-0.006723134312778711
1746609930.8748724,-0.0004867085663136095,-0.00030233856523409486,-0.0070212604478001595
1746609931.0302339,-0.000887214788235724,-0.00031040236353874207,-0.007277313154190779
1746609931.186663,-0.001441066269762814,-0.00030438631074503064,-0.007563301362097263
1746609931.354973,-0.0014222034951671958,-0.0005012280307710171,-0.0077835326083004475
1746609931.505741,-0.0016074742889031768,-0.0008919615647755563,-0.008158748038113117
1746609931.6647975,-0.0015304674161598086,-0.0007548467256128788,-0.008517326787114143
1746609931.8325257,-0.001484451349824667,-0.0006867928896099329,-0.009018698707222939
1746609931.985846,-0.0011247476795688272,-0.0004312391101848334,-0.009413419291377068
1746609932.1464996,-0.0009236864862032235,-0.0003897158894687891,-0.00944913737475872
1746609932.317768,-0.0010513743618503213,0.000275220547337085,-0.010151728056371212
1746609932.4670682,-0.0010063662193715572,-0.00020992931968066841,-0.010205795988440514
1746609932.6267457,-0.0014112354256212711,0.00014338133041746914,-0.010424693115055561
1746609932.8025155,-0.001546110026538372,7.413495768560097e-05,-0.010823468677699566
1746609932.94828,-0.00175260950345546,0.0002127840562025085,-0.011032454669475555
1746609933.1106913,-0.00169025594368577,-0.00019583513494580984,-0.01110112201422453
1746609933.2815824,-0.001975416671484709,-0.0005171297234483063,-0.010833482258021832
1746609933.4298904,-0.002004553796723485,-0.001150143682025373,-0.01072484441101551
1746609933.5878065,-0.0018185005756095052,-0.0011250696843490005,-0.010823775082826614
1746609933.758886,-0.0015982096083462238,-0.0015997415175661445,-0.010409073904156685
1746609933.9089344,-0.001542583922855556,-0.0012475302210077643,-0.010595817118883133
1746609934.0683258,-0.0011911136098206043,-0.0014200322329998016,-0.009971942752599716
1746609934.240351,-0.0015556307043880224,-0.0007313078385777771,-0.01049811951816082
1746609934.3871448,-0.0006700874655507505,-0.0009735372150316834,-0.010163557715713978
1746609934.5504699,-0.00048051736666820943,-0.00035388057585805655,-0.010439246892929077
1746609934.7230546,0.00015403270663227886,-0.0002395428455201909,-0.010067615658044815
1746609934.873182,-7.031436689430848e-05,0.00018228418775834143,-0.010211890563368797
1746609935.0325263,0.0005393800092861056,0.0003903365577571094,-0.009816684760153294
1746609935.2031724,0.0005266648367978632,0.0005993079394102097,-0.009667441248893738
1746609935.3499238,0.0006296595092862844,0.0008072335622273386,-0.00940864346921444
1746609935.5089176,0.0006819615955464542,0.0008895592181943357,-0.008830328471958637
1746609935.6802495,0.0007226624293252826,0.0010395211866125464,-0.00891910120844841
1746609935.8351133,0.0006366718444041908,0.0005566278705373406,-0.008441873826086521
1746609935.9900951,0.0003797158133238554,0.0004036306927446276,-0.008351558819413185
1746609936.1609643,0.0004536627675406635,0.00040377379627898335,-0.00817695539444685
1746609936.3091183,0.0005220758030191064,0.00044456985779106617,-0.00808187760412693
1746609936.4723892,0.0008061706903390586,0.00029214663663879037,-0.008003956638276577
1746609936.6437938,0.0005285866791382432,5.510429400601424e-05,-0.007977442815899849
1746609936.789954,0.0006647204281762242,0.00013726577162742615,-0.008008185774087906
1746609936.9521196,0.0007417664746753871,-0.0004914557212032378,-0.007667659316211939
1746609937.1207488,0.0006937029538676143,-0.0006294660270214081,-0.00718116108328104
1746609937.2700772,0.0007150121382437646,-0.0004918357008136809,-0.006957896985113621
1746609937.4320748,0.0014216016279533505,-0.0005208781221881509,-0.006651945877820253
1746609937.6030037,0.0010552994208410382,-0.00021228566765785217,-0.006592838559299707
1746609937.7509847,0.0012736768694594502,-0.00043957357411272824,-0.00631334213539958
1746609937.9175775,0.0015501035377383232,-0.000909473339561373,-0.006252854596823454
1746609938.0823913,0.0018279342912137508,-0.0009005773463286459,-0.006208566948771477
1746609938.2350643,0.0017334746662527323,-0.0010907342657446861,-0.006361985579133034
1746609938.393127,0.0015208738623186946,-0.001570828608237207,-0.006036143284291029
1746609938.5660942,0.0012084029149264097,-0.0016648713499307632,-0.005682281218469143
1746609938.7131505,0.0008057788945734501,-0.0015259820502251387,-0.006075331475585699
1746609938.8721316,0.0010554228210821748,-0.0014714041026309133,-0.00613054633140564
1746609939.043461,0.0009957680013030767,-0.0009006477193906903,-0.006373370531946421
1746609939.19411,0.0008097568643279374,-0.00112624722532928,-0.0066007208079099655
1746609939.3532271,0.0007843628991395235,-0.001013900968246162,-0.006570556201040745
1746609939.524098,0.0007246366585604846,-0.0011767667019739747,-0.007105184718966484
1746609939.674144,0.0013178690569475293,-0.001304206787608564,-0.007219340186566114
1746609939.836144,0.0016368819633498788,-0.0016851599793881178,-0.007436085492372513
1746609940.004721,0.0020094604697078466,-0.001769408816471696,-0.007763292640447617
1746609940.1577322,0.0008344831876456738,-0.0002168846840504557,-0.007506958674639463
1746609940.3131306,0.001109464094042778,-0.0008113184594549239,-0.006882830057293177
1746609940.4850252,0.0010083105880767107,-0.0005292426212690771,-0.006819017697125673
1746609940.6353402,0.0004563094407785684,-0.0007393764099106193,-0.006607445888221264
1746609940.7956948,0.0006398482946678996,-0.0005025739665143192,-0.0061278315261006355
1746609940.9661756,0.0011882019462063909,-0.0004676719836425036,-0.005462800618261099
1746609941.1133528,0.0011005981359630823,-6.194236630108207e-05,-0.005248650908470154
1746609941.2752304,0.0012757236836478114,7.04904887243174e-05,-0.005153302103281021
1746609941.4462378,0.0015625400701537728,-0.00022136128973215818,-0.005173340439796448
1746609941.5961335,0.0016239844262599945,2.934620169980917e-05,-0.005970605183392763
1746609941.7584896,0.0018581071635708213,0.0001870578562375158,-0.006073358003050089
1746609941.9330285,0.0017117112874984741,9.782312554307282e-05,-0.006303467322140932
1746609942.0765681,0.002378988079726696,-0.00012070143566234037,-0.006207908969372511
1746609942.2368758,0.0030476837418973446,-0.0004128271830268204,-0.006786489859223366
1746609942.4064631,0.0031066180672496557,-0.0008618657011538744,-0.006653021089732647
1746609942.5580103,0.003207756672054529,-0.00028492818819358945,-0.0069582778960466385
1746609942.7208593,0.003761999076232314,-0.0005735571612603962,-0.006759262643754482
1746609942.885588,0.0039024490397423506,-0.0005397333879955113,-0.007227308116853237
1746609943.036308,0.0046155755408108234,-0.0014517472591251135,-0.00693727470934391
1746609943.1977615,0.004222371615469456,-0.0014401928056031466,-0.007031059358268976
1746609943.3682492,0.004566358868032694,-0.0020206712651997805,-0.006642432883381844
1746609943.5219245,0.00445933360606432,-0.0019253622740507126,-0.006917692720890045
1746609943.6782992,0.0003123598580714315,-0.0007533884490840137,-0.006696571130305529
1746609943.8501692,0.0006413811352103949,-0.0007625884027220309,-0.006860785651952028
1746609943.9973488,0.0007463091751560569,-0.0012328022858127952,-0.006605714559555054
1746609944.156704,0.00031078074243851006,-0.0006499985465779901,-0.006762310862541199
1746609944.335515,0.0013518217019736767,-0.0009753343765623868,-0.00583484023809433
1746609944.4772341,0.0012635050807148218,-0.0005339328199625015,-0.005435527302324772
1746609944.638879,0.001213115407153964,-0.0002945726737380028,-0.005253897048532963
1746609944.8087273,0.0010780649026855826,-0.0006547566736117005,-0.005227639805525541
1746609944.9592543,0.0011391515145078301,0.00011017275392077863,-0.005262802820652723
1746609945.118399,0.0007585885468870401,0.0002401038073003292,-0.005420398432761431
1746609945.2891588,0.0015673113521188498,0.00016175501514226198,-0.005563992075622082
1746609945.4393241,0.0014940077671781182,-6.23520027147606e-05,-0.005862783174961805
1746609945.59915,0.0009067307692021132,-0.00041956009226851165,-0.006136568728834391
1746609945.7701201,0.0004612433258444071,-0.000284254492726177,-0.006936317775398493
1746609945.9238114,0.0017470992170274258,-0.0009604534134268761,-0.00692412443459034
1746609946.0794222,0.0008578955894336104,-0.0010802926262840629,-0.008047289215028286
1746609946.253894,0.0019407839281484485,-0.0012597052846103907,-0.008155779913067818
1746609946.3981855,0.001676157466135919,-0.0009168126271106303,-0.009329766035079956
1746609946.560335,0.002580840839073062,-0.0017660949379205704,-0.009203700348734856
1746609946.731392,0.002671254565939307,-0.0016588888829573989,-0.009565925225615501
1746609946.8784034,0.0030142958275973797,-0.001852578017860651,-0.009320823475718498
1746609947.0404606,0.0031570768915116787,-0.0019981658551841974,-0.00929013080894947
1746609947.2115128,0.0034411067608743906,-0.001960060093551874,-0.009661880321800709
1746609947.3615053,0.003590917680412531,-0.001967045711353421,-0.009707668796181679
1746609947.5209026,0.0039604236371815205,-0.0022330409847199917,-0.009640036150813103
1746609947.6922724,0.004082611296325922,-0.00249740993604064,-0.00892103835940361
1746609947.839251,0.004102514591068029,-0.0023056487552821636,-0.008646363392472267
1746609948.0014782,0.00019719665579032153,0.00023818682529963553,-0.007898006588220596
1746609948.1726663,0.00046417067642323673,-0.00011110380000900477,-0.007042433600872755
1746609948.3247323,0.0007271847571246326,-0.00026774132857099175,-0.006315106991678476
1746609948.4824607,0.0006459522992372513,-0.0006136677693575621,-0.005577610805630684
1746609948.6508536,0.00047198942047543824,-0.0005621357704512775,-0.004626846872270107
1746609948.8009036,0.0008011815370991826,-0.0008708758396096528,-0.003886894788593054
1746609948.9625022,0.0008128361077979207,-0.0008745238301344216,-0.003147247014567256
1746609949.1334274,0.0013723974116146564,-0.0010032912250608206,-0.0025223763659596443
1746609949.2806983,-0.00020621204748749733,-0.001283894875086844,-0.002574612619355321
1746609949.4423993,0.0006645810790359974,-0.001505054533481598,-0.001972668804228306
1746609949.6133933,-0.00025181518867611885,-0.0006320161046460271,-0.0024260596837848425
1746609949.7633774,-1.932464147103019e-05,-0.0008678336162120104,-0.0022335746325552464
1746609949.9230654,-0.00045709600090049207,-0.0007603804697282612,-0.0024203609209507704
1746609950.0943208,-0.0002607865317258984,-0.0009387882309965789,-0.002659943187609315
1746609950.2482278,-0.00035365784424357116,-0.0009149558609351516,-0.0027545474004000425
1746609950.4024417,-0.0001448300899937749,-0.000960958597715944,-0.002823407994583249
1746609950.5738828,-3.68290493497625e-05,-0.0004734942049253732,-0.002674111630767584
1746609950.7262707,0.000611505180131644,-0.0004437063180375844,-0.0025359264109283686
1746609950.8836396,0.0003329234314151108,0.00020831584697589278,-0.0028155636973679066
1746609951.0545886,0.0008299888577312231,0.0003821889404207468,-0.0025642693508416414
1746609951.2046092,0.0006541954935528338,0.00047845844528637826,-0.0026591329369693995
1746609951.363473,0.0005044599529355764,0.0004554623446892947,-0.0031085594091564417
1746609951.541453,0.00044800661271438,0.0004978899960406125,-0.00340567110106349
1746609951.6846995,-0.00033322579110972583,0.0007450177217833698,-0.003819109871983528
1746609951.8447583,-0.00011318865290377289,0.0003399062261451036,-0.003586145816370845
1746609952.0154583,-0.0006560005131177604,0.0008998626144602895,-0.0037587753031402826
1746609952.1733532,-0.001042124000377953,0.0009987072553485632,-0.003828296670690179
1746609952.3291404,-0.0006334708305075765,0.000696009024977684,-0.0036297603510320187
1746609952.496618,-0.0012062957976013422,0.0005361694493331015,-0.0034829494543373585
1746609952.6435597,-0.0009900068398565054,0.0004830576363019645,-0.003257435280829668
1746609952.8036466,-0.0011480138637125492,0.00045109682832844555,-0.003599114716053009
1746609952.9750183,-0.000767040706705302,0.0001720000000204891,-0.004096608143299818
1746609953.1267753,-0.000596499303355813,0.00012478565622586757,-0.004221334122121334
1746609953.286862,-0.00023503968259319663,-0.0002286472445121035,-0.004468676634132862
1746609953.4575548,-0.0004968595458194613,0.00024223420768976212,-0.004875386133790016
1746609953.6048555,-0.0002478336973581463,-0.0002551199868321419,-0.004833706188946962
1746609953.7668636,-0.0004881778440903872,0.0006941756582818925,-0.006067074369639158
1746609953.9505527,0.0006596451858058572,-0.0002520534035284072,-0.0056705838069319725
1746609954.085883,-0.00017484398267697543,0.0007052032160572708,-0.006575575564056635
1746609954.2484941,0.00046059334999881685,-0.00019646190048661083,-0.00603029178455472
1746609954.4168198,0.0005007799481973052,0.00011919165990548208,-0.006213765125721693
1746609954.5656998,0.00037289856118150055,-0.0001674339728197083,-0.006386812310665846
1746609954.7281528,0.0005768199334852397,0.00047406027442775667,-0.006992001086473465
1746609954.8985386,0.0004519899666775018,0.0005232469993643463,-0.007294556125998497
1746609955.0577066,0.0003388782206457108,0.0010125625412911177,-0.00787913054227829
1746609955.212623,0.0012506954371929169,0.0010479651391506195,-0.007783064153045416
1746609955.3791547,0.0012461133301258087,0.001343988929875195,-0.007818284444510937
1746609955.540877,0.0011027733562514186,0.0014411977026611567,-0.007989137433469296
1746609955.6868234,0.0008919445681385696,0.0007033116417005658,-0.007289041765034199
1746609955.859532,3.080988972214982e-05,0.0009699212969280779,-0.0074334898963570595
1746609956.0076702,-0.00013419133028946817,0.0012629699194803834,-0.007223975844681263
1746609956.167638,5.524438165593892e-05,0.0013246418675407767,-0.007076042704284191
1746609956.3393488,0.00013496147585101426,0.0007042801007628441,-0.006187340710312128
1746609956.4897614,0.00018026900943368673,0.0006085228524170816,-0.00613044761121273
1746609956.6487381,0.0005032036569900811,8.422881364822388e-05,-0.00551871582865715
1746609956.8215673,0.00037697708467021585,-0.0003399756387807429,-0.005260073114186525
1746609956.967869,-1.747048008837737e-05,-0.0003335465444251895,-0.005425309296697378
1746609957.1298304,-7.268947956617922e-05,0.00011896343494299799,-0.005463208071887493
1746609957.3008034,0.0002935364027507603,-0.0006144424551166594,-0.005598095245659351
1746609957.4513268,0.00015530407836195081,-0.00016929938283283263,-0.005799426231533289
1746609957.6109254,-0.0004608219605870545,-0.0001305744081037119,-0.006102106999605894
1746609957.7802505,-0.0003654833708424121,-3.081600880250335e-05,-0.006116707343608141
1746609957.9310088,-0.00022907812672201544,-7.209760224213824e-05,-0.006158460397273302
1746609958.0927083,-0.0005046259029768407,-0.00033929923665709794,-0.0066127837635576725
1746609958.2603009,-0.0005345054669305682,-0.00011453261686256155,-0.006617433857172728
1746609958.4097888,-0.0004832863050978631,-0.0004988181171938777,-0.006712236441671848
1746609958.5718062,-9.127200610237196e-05,-0.0007159668020904064,-0.006436365656554699
1746609958.7401464,-0.0013037796597927809,-0.00019056005112361163,-0.007178338244557381
1746609958.889879,-0.0006553339771926403,-0.0002991523942910135,-0.006716423202306032
1746609959.0499334,-0.0009365127189084888,0.0009577530436217785,-0.007975868880748749
1746609959.2218068,-0.0008424397092312574,0.00022714771330356598,-0.008034457452595234
1746609959.371984,-0.0012525090714916587,0.0010986956767737865,-0.0091122230514884
1746609959.5306768,-0.001290632295422256,0.0006332553457468748,-0.009228654205799103
1746609959.7020066,-0.0016724903834983706,0.0016251768684014678,-0.010381452739238739
1746609959.8522506,-0.0016951399156823754,0.0012232011649757624,-0.010682079009711742
1746609960.0108829,-0.0024363682605326176,0.0016603446565568447,-0.011287768371403217
1746609960.1824803,-0.0027637730818241835,0.001874621957540512,-0.011224944144487381
1746609960.3338726,-0.0002347516710869968,1.2547402548079845e-06,-0.010662741959095001
1746609960.492015,-0.0007639409741386771,0.0006285272538661957,-0.01039019413292408
1746609960.664009,-0.00015091398381628096,0.0003612657601479441,-0.009893592447042465
1746609960.8133922,-0.0005659598973579705,0.0006341016269288957,-0.009652366861701012
1746609960.972131,8.872816397342831e-05,0.00017372099682688713,-0.009079452604055405
1746609961.1436954,-0.00036791444290429354,0.00013101534568704665,-0.008823924697935581
1746609961.29393,9.881674486678094e-05,4.454127702047117e-05,-0.00824346300214529
1746609961.452905,-3.808612018474378e-05,0.00042826158460229635,-0.008648257702589035
1746609961.6249588,0.001044246950186789,0.00033923820592463017,-0.007785590831190348
1746609961.772817,0.0008834768668748438,0.000454260763945058,-0.008119610138237476
1746609961.9341786,0.0011389044811949134,0.000971938599832356,-0.007963518612086773
1746609962.1055775,0.0013340194709599018,0.0014516277005895972,-0.008329326286911964
1746609962.255065,0.001337184221483767,0.0005388163262978196,-0.007610915694385767
1746609962.4138517,0.001059119589626789,0.0006588194519281387,-0.007987609133124352
1746609962.5880716,0.0008133993251249194,3.7583271478069946e-05,-0.007692468352615833
1746609962.7349133,0.0011154537787660956,6.459442374762148e-05,-0.007958339527249336
1746609962.895071,0.0010845900978893042,-0.00010880926856771111,-0.00819564051926136
1746609963.0704424,0.0006890945369377732,-4.671529677580111e-05,-0.008599312976002693
1746609963.214129,0.0006352309719659388,-0.0004579095693770796,-0.007846993394196033
1746609963.3740788,0.001205774606205523,0.00010625637514749542,-0.00742703303694725
1746609963.5452936,0.0006575651932507753,2.8531088901218027e-05,-0.00797201693058014
1746609963.695316,0.0005180207081139088,0.00017183383170049638,-0.008088287897408009
1746609963.8545911,9.025297913467512e-05,-0.0002556976687628776,-0.00817407388240099
1746609964.0255787,0.0004433768044691533,-0.00036563692265190184,-0.008115171454846859
1746609964.1751308,-9.751689503900707e-05,-0.000645756081212312,-0.00801803171634674
1746609964.3340552,-0.0002822192618623376,-0.00046235660556703806,-0.008343462832272053
1746609964.5062797,-0.0005994407692924142,-0.0011049831518903375,-0.008333644829690456
1746609964.6559894,-0.0014367348048835993,-0.0009465086623094976,-0.008997444063425064
1746609964.8150678,-0.0018163787899538875,-0.0011964295990765095,-0.009429875761270523
1746609964.987132,-0.0020468784496188164,-0.0011988028418272734,-0.009922962635755539
1746609965.137102,-0.0019748464692384005,-0.0017446274869143963,-0.009915378876030445
1746609965.2958286,-0.0011757463216781616,-0.0012006917968392372,-0.010000626556575298
1746609965.4679744,0.0003583855868782848,-0.0014702985063195229,-0.009182585403323174
1746609965.6237535,0.0019144858233630657,-0.0009714998304843903,-0.008738527074456215
1746609965.7775056,0.0031922340858727694,-0.0010651730699464679,-0.007699534762650728
1746609965.9496322,0.004129298496991396,-0.000325095490552485,-0.007536877412348986
1746609966.0980675,0.0038475575856864452,0.0003139251784887165,-0.008135367184877396
1746609966.2571692,0.006100408732891083,-0.00013387705257628113,-0.006351725663989782
1746609966.435153,0.004289892502129078,0.0003927213547285646,-0.006958349607884884
1746609966.576233,0.004328062757849693,-1.2481123121688142e-05,-0.006474215537309647
1746609966.738372,0.003722656983882189,7.492546137655154e-05,-0.006571842823177576
1746609966.9093282,0.0032941526733338833,-0.0006110721733421087,-0.0061816563829779625
1746609967.063323,0.002615077653899789,0.00017370822024531662,-0.006244317162781954
1746609967.2181785,0.0020721706096082926,-0.0006036819540895522,-0.005803858861327171
1746609967.3895516,0.0015408828621730208,4.782870382769033e-05,-0.005864283069968224
1746609967.5371478,0.0013203832786530256,-0.000254591170232743,-0.005098388530313969
1746609967.6993454,0.0007044895319268107,0.0004006891686003655,-0.004984542727470398
1746609967.870005,0.0005660051829181612,1.8285576516063884e-05,-0.004798533860594034
1746609968.0239918,0.0007308885105885565,0.0001546304702060297,-0.00460484204813838
1746609968.1804135,0.0004350824165157974,0.0002320166677236557,-0.004179240670055151
1746609968.3492775,1.8362226910539903e-05,0.0004974600160494447,-0.004108223598450422
1746609968.4997058,-0.00040099149919115007,0.00040184566751122475,-0.003939527552574873
1746609968.6582365,-0.000682731915730983,0.00021839875262230635,-0.003769948147237301
1746609968.837105,-0.000534534512553364,0.0005273601273074746,-0.00364461331628263
1746609968.9802728,-0.0008977344259619713,0.00023571653582621366,-0.0037115642335265875
1746609969.14003,-0.0006249677389860153,0.0004393469134811312,-0.003510325448587537
1746609969.3144357,-0.0011905862484127283,0.0007338866707868874,-0.0037531626876443624
1746609969.4618413,-1.3498332918970846e-05,-1.22425099107204e-05,-0.002613304415717721
1746609969.6269186,-0.0013265706365928054,0.0007695740205235779,-0.003620280185714364
1746609969.795658,-0.0015237575862556696,0.0005275037256069481,-0.0028481108602136374
1746609969.9410653,-0.0015802003908902407,0.0003144556249026209,-0.0029950765892863274
1746609970.1035242,-0.004258830565959215,-0.0027050154749304056,0.006319904234260321
1746609970.28395,0.009866449981927872,0.021585261449217796,0.007072684355080128
1746609970.425966,0.0021037468686699867,0.04544653370976448,0.003877276321873069
1746609970.5810046,0.01841473951935768,0.06925688683986664,0.036437422037124634
1746609970.7559311,0.021020684391260147,0.12346180528402328,-0.0449763685464859
1746609970.9026704,0.010203960351645947,0.16338400542736053,0.04423147812485695
1746609971.0657167,0.05304981395602226,0.20843590795993805,-0.029167810454964638
1746609971.2356339,0.00766812963411212,0.2209494709968567,-0.018011424690485
1746609971.3820074,0.011006752029061317,0.25530484318733215,-0.028358085080981255
1746609971.5412285,0.028346315026283264,0.2885619103908539,-0.025147419422864914
1746609971.7123086,0.09337029606103897,0.34110915660858154,-0.03378402441740036
1746609971.8622768,0.08653534948825836,0.33739015460014343,-0.025894472375512123
1746609972.0252361,0.09495794773101807,0.35730892419815063,0.06053712218999863
1746609972.1926472,0.20606006681919098,0.36577048897743225,0.03614865243434906
1746609972.3421504,0.2832430303096771,0.3697693943977356,0.05056113004684448
1746609972.5648644,0.3972266912460327,0.3711518347263336,0.07457809150218964
1746609972.673772,0.500527560710907,0.37385836243629456,0.09283580631017685
1746609972.8252425,0.6156556606292725,0.3741164207458496,0.11670664697885513
1746609972.9822068,0.7244929671287537,0.37542417645454407,0.13433462381362915
1746609973.1535845,0.8285651803016663,0.3814288377761841,0.16119876503944397
1746609973.3034208,0.908936619758606,0.3913211226463318,0.18845461308956146
1746609973.462398,1.0004814863204956,0.40087440609931946,0.23156075179576874
1746609973.6362252,1.094492793083191,0.4106842875480652,0.25855013728141785
1746609973.78434,1.1939127445220947,0.41829913854599,0.2839038670063019
1746609973.9436429,1.2848094701766968,0.42560330033302307,0.30808332562446594
1746609974.1218855,1.3835301399230957,0.43369343876838684,0.3328067660331726
1746609974.2652147,1.4829386472702026,0.4423227310180664,0.35894179344177246
1746609974.424318,1.582319736480713,0.45077160000801086,0.3822433650493622
1746609974.6157372,1.6813029050827026,0.45873454213142395,0.40765509009361267
1746609974.7460854,1.781744360923767,0.46683645248413086,0.4329897463321686
1746609974.905308,1.8794662952423096,0.4734909236431122,0.4518643021583557
1746609975.0767395,1.9782885313034058,0.4810866713523865,0.47384631633758545
1746609975.2261088,2.0741093158721924,0.4890332818031311,0.4916432797908783
1746609975.386312,2.1705076694488525,0.49612846970558167,0.5079030394554138
1746609975.557312,2.263556718826294,0.5029230713844299,0.52205491065979
1746609975.704519,2.3472678661346436,0.5097266435623169,0.5360755920410156
1746609975.8699985,2.44292950630188,0.517732560634613,0.5480325222015381
1746609976.037598,2.520392417907715,0.5248016119003296,0.5581690073013306
1746609976.1854575,2.601654529571533,0.5325221419334412,0.5707309246063232
1746609976.347452,2.6721110343933105,0.5413869023323059,0.5795549750328064
1746609976.5182624,2.7399113178253174,0.5490370988845825,0.587688684463501
1746609976.665464,2.8045246601104736,0.5569634437561035,0.5977251529693604
1746609976.8275368,2.8593242168426514,0.567972719669342,0.605262279510498
1746609976.998371,2.901350975036621,0.5771290063858032,0.6142858266830444
1746609977.1514256,2.9534173011779785,0.5850618481636047,0.6188018918037415
1746609977.3103874,2.999018907546997,0.5995692610740662,0.6150819659233093
1746609977.4833045,3.036971092224121,0.6102628707885742,0.6123690009117126
1746609977.6324894,3.0954132080078125,0.6206842660903931,0.6270148158073425
1746609977.7873378,3.147327423095703,0.624247670173645,0.591902494430542
1746609977.959265,3.1914243698120117,0.6389531493186951,0.6133130788803101
1746609978.1063597,3.236649990081787,0.6484224200248718,0.6015114784240723
1746609978.2684183,3.284625291824341,0.6571312546730042,0.6000988483428955
1746609978.4392836,3.333416223526001,0.6427980661392212,0.5941902995109558
1746609978.5895085,3.350194215774536,0.6774048209190369,0.577709436416626
1746609978.7519705,3.2872629165649414,0.6909835338592529,0.5468104481697083
1746609978.9452422,3.286525011062622,0.7229310274124146,0.5365818738937378
1746609979.0736823,3.3386802673339844,0.7163466811180115,0.5828380584716797
1746609979.2283967,3.3610646724700928,0.7444881796836853,0.46737542748451233
1746609979.3995867,3.356633186340332,0.7222285866737366,0.44208380579948425
1746609979.550065,3.421239137649536,0.6916061043739319,0.4435432255268097
1746609979.7084565,3.495518922805786,0.7294757962226868,0.4172380864620209
1746609979.8806653,3.570849657058716,0.7299617528915405,0.3878895044326782
1746609980.0325086,3.6448287963867188,0.724736750125885,0.36485549807548523
1746609980.1903584,3.717970371246338,0.733095109462738,0.34245172142982483
1746609980.3613834,3.790651798248291,0.7323803901672363,0.3188514709472656
1746609980.5115201,3.8598427772521973,0.7276875376701355,0.30072927474975586
1746609980.674095,3.9209370613098145,0.718028724193573,0.2860630750656128
1746609980.8434393,3.985158920288086,0.7115925550460815,0.2670159935951233
1746609980.9910736,4.043647766113281,0.7050983309745789,0.2537142336368561
1746609981.1513767,4.106832504272461,0.6983500123023987,0.24537287652492523
1746609981.3209817,4.1753973960876465,0.6895531415939331,0.2320827692747116
1746609981.4708223,4.240972518920898,0.681036114692688,0.22186516225337982
1746609981.629719,4.309199810028076,0.671930193901062,0.21520857512950897
1746609981.8041291,4.379879951477051,0.6622225642204285,0.20674385130405426
1746609981.9547813,4.446439743041992,0.6518243551254272,0.20191605389118195
1746609982.110351,4.516971111297607,0.6418063044548035,0.1942744106054306
1746609982.285172,4.581537246704102,0.6340518593788147,0.19551610946655273
1746609982.4334223,4.653387069702148,0.622634768486023,0.188773974776268
1746609982.590478,4.718710422515869,0.6143792867660522,0.18790633976459503
1746609982.7650707,4.783712387084961,0.6057910919189453,0.18727029860019684
1746609982.9119508,4.854427814483643,0.5951066613197327,0.18223445117473602
1746609983.0735724,4.919923305511475,0.5874255895614624,0.18127202987670898
1746609983.2453983,4.986577033996582,0.5788798928260803,0.17838965356349945
1746609983.3922806,5.056155204772949,0.5696395635604858,0.1750156432390213
1746609983.5536594,5.120224475860596,0.5615916848182678,0.1779889464378357
1746609983.7230752,5.1909942626953125,0.551271378993988,0.16999965906143188
1746609983.8724532,5.256696701049805,0.5427716374397278,0.16871875524520874
1746609984.035387,5.322144031524658,0.5348615050315857,0.16979153454303741
1746609984.2047966,5.3888678550720215,0.5260715484619141,0.16889460384845734
1746609984.3527765,5.453782081604004,0.5171929001808167,0.16613204777240753
1746609984.5148613,5.518072128295898,0.5101529359817505,0.16731494665145874
1746609984.6854162,5.585568904876709,0.5005918145179749,0.16530558466911316
1746609984.8360724,5.649847507476807,0.49201712012290955,0.16536150872707367
1746609984.9925263,5.714473247528076,0.48360005021095276,0.16520081460475922
1746609985.1676826,5.7799530029296875,0.47513872385025024,0.16434535384178162
1746609985.3153772,5.845821857452393,0.4670904874801636,0.16570378839969635
1746609985.474569,5.909862518310547,0.45974329113960266,0.16770462691783905
1746609985.646001,5.976947784423828,0.4499526023864746,0.165021613240242
1746609985.795493,6.038561820983887,0.44250088930130005,0.16789209842681885
1746609985.9545531,6.089108467102051,0.4295080006122589,0.16645585000514984
1746609986.1263804,6.165115833282471,0.4256688058376312,0.16318032145500183
1746609986.2755513,6.219300270080566,0.4211921989917755,0.17008988559246063
1746609986.4472327,6.286418437957764,0.4117794334888458,0.16775842010974884
1746609986.6065562,6.344913005828857,0.4049018919467926,0.168305903673172
1746609986.7566113,6.40488338470459,0.39730799198150635,0.17020879685878754
1746609986.9316118,6.466522216796875,0.3902947008609772,0.16851097345352173
1746609987.0869143,6.527709007263184,0.38255026936531067,0.17161041498184204
1746609987.248151,6.585559368133545,0.37587183713912964,0.17174020409584045
1746609987.3968346,6.6479878425598145,0.36777934432029724,0.17310594022274017
1746609987.5802927,6.700751304626465,0.36257538199424744,0.17561684548854828
1746609987.724889,6.7651777267456055,0.3542180061340332,0.17358820140361786
1746609987.8800921,6.8144731521606445,0.34895744919776917,0.1722089648246765
1746609988.0520532,6.873245716094971,0.34118857979774475,0.16997212171554565
1746609988.199772,6.927857398986816,0.334585964679718,0.1716206818819046
1746609988.3591764,6.985140800476074,0.32791581749916077,0.17042066156864166
1746609988.5384588,7.044732093811035,0.32088813185691833,0.17033864557743073
1746609988.6813135,7.09923791885376,0.31615713238716125,0.17212596535682678
1746609988.8468955,7.155620574951172,0.30937668681144714,0.17367887496948242
1746609989.0090272,7.209874153137207,0.3039800524711609,0.17685498297214508
1746609989.157878,7.263199806213379,0.29921144247055054,0.18003946542739868
1746609989.3239403,7.3135528564453125,0.2929113507270813,0.1821795105934143
1746609989.4878616,7.368259429931641,0.28769630193710327,0.18574689328670502
1746609989.637557,7.422938346862793,0.28148943185806274,0.18869826197624207
1746609989.7996194,7.481734752655029,0.2764570116996765,0.1911914050579071
1746609989.9693184,7.536509990692139,0.26840153336524963,0.19826029241085052
1746609990.1260436,7.583345413208008,0.26373735070228577,0.19901105761528015
1746609990.282806,7.639205455780029,0.2568396329879761,0.20092692971229553
1746609990.4535413,7.687880516052246,0.2521597743034363,0.208795428276062
1746609990.599657,7.735952854156494,0.24790751934051514,0.21078063547611237
1746609990.758928,7.784818649291992,0.24250279366970062,0.21405838429927826
1746609990.9381335,7.835291862487793,0.23825442790985107,0.2166338562965393
1746609991.0796523,7.880823135375977,0.23138926923274994,0.22163228690624237
1746609991.2459855,7.887373924255371,0.24303191900253296,0.228103369474411
1746609991.410004,7.933540344238281,0.23835453391075134,0.23413832485675812
1746609991.5608945,7.940601825714111,0.2485896497964859,0.23023805022239685
1746609991.7232225,7.962866306304932,0.2552367150783539,0.23555432260036469
1746609991.889938,7.981940269470215,0.26285865902900696,0.24008965492248535
1746609992.0402513,8.000052452087402,0.26887139678001404,0.24289031326770782
1746609992.19917,8.017633438110352,0.27534499764442444,0.24506328999996185
1746609992.3728652,8.035008430480957,0.28128090500831604,0.24608074128627777
1746609992.5276804,8.05126667022705,0.2873273491859436,0.24555674195289612
1746609992.679465,8.066370964050293,0.29301443696022034,0.24458280205726624
1746609992.8555899,8.08199405670166,0.2991345524787903,0.24297693371772766
1746609993.0011053,8.09708309173584,0.30464938282966614,0.241045281291008
1746609993.1610208,8.112075805664062,0.3106485605239868,0.23787733912467957
1746609993.3348963,8.127151489257812,0.31590577960014343,0.23455016314983368
1746609993.483451,8.141355514526367,0.32182765007019043,0.23075911402702332
1746609993.6406612,8.156457901000977,0.32686322927474976,0.22675016522407532
1746609993.8118868,8.170421600341797,0.3326706886291504,0.22232669591903687
1746609993.9607048,8.18557357788086,0.3377671241760254,0.21875034272670746
1746609994.1239853,8.199511528015137,0.3404492735862732,0.21660274267196655
1746609994.2977304,8.212824821472168,0.35105106234550476,0.21084190905094147
1746609994.4483936,8.22988510131836,0.3534020781517029,0.20719005167484283
1746609994.602532,8.243511199951172,0.3579973876476288,0.203247532248497
1746609994.7795272,8.258499145507812,0.36194923520088196,0.20026664435863495
1746609994.9256818,8.271089553833008,0.36736372113227844,0.19549156725406647
1746609995.0829206,8.283019065856934,0.37226784229278564,0.19240961968898773
1746609995.253942,8.297250747680664,0.3770170509815216,0.1893996000289917
1746609995.4037173,8.311710357666016,0.3809241056442261,0.18729913234710693
1746609995.562743,8.323776245117188,0.38571804761886597,0.18363423645496368
1746609995.7367604,8.337800025939941,0.3896426856517792,0.18180589377880096
1746609995.8830488,8.349448204040527,0.39370930194854736,0.18030552566051483
1746609996.045129,8.360543251037598,0.39764684438705444,0.17822907865047455
1746609996.215368,8.370779991149902,0.4015716314315796,0.17740921676158905
1746609996.362716,8.381440162658691,0.4062533974647522,0.17734873294830322
1746609996.5291066,8.392556190490723,0.410762220621109,0.177345871925354
1746609996.6976848,8.403905868530273,0.41476431488990784,0.17666515707969666
1746609996.8438044,8.415886878967285,0.4185675382614136,0.17601865530014038
1746609997.0057921,8.427452087402344,0.4220152199268341,0.1751924753189087
1746609997.174195,8.438529014587402,0.4260686933994293,0.17718848586082458
1746609997.3287032,8.450653076171875,0.42920514941215515,0.17429831624031067
1746609997.483783,8.461176872253418,0.43232086300849915,0.1747908741235733
1746609997.655117,8.470980644226074,0.43592119216918945,0.1732337474822998
1746609997.8050172,8.480591773986816,0.43938520550727844,0.1721634864807129
1746609997.96694,8.4913330078125,0.4414263963699341,0.17129330337047577
1746609998.1389823,8.49949836730957,0.4453686773777008,0.16903702914714813
1746609998.2849646,8.508698463439941,0.44819754362106323,0.1675328016281128
1746609998.4467645,8.515580177307129,0.4518319070339203,0.1645708978176117
1746609998.620258,8.524168014526367,0.4549761712551117,0.1625095009803772
1746609998.766964,8.533452987670898,0.4578297734260559,0.161712646484375
1746609998.9278271,8.54188060760498,0.4599159359931946,0.16092467308044434
1746609999.096078,8.550803184509277,0.46278873085975647,0.16051222383975983
1746609999.2479384,8.559925079345703,0.46458956599235535,0.16062875092029572
1746609999.4067693,8.568448066711426,0.46690455079078674,0.16023112833499908
1746609999.578661,8.577553749084473,0.46918755769729614,0.16048729419708252
1746609999.7305193,8.586897850036621,0.47106263041496277,0.16108573973178864
1746609999.8869846,8.593953132629395,0.47335636615753174,0.16079343855381012
1746610000.0595722,8.599336624145508,0.4757601320743561,0.1589212268590927
1746610000.2079363,8.606490135192871,0.4779173731803894,0.15835945308208466
1746610000.3668966,0.03629228472709656,0.009039610624313354,0.13525551557540894
1746610000.5421114,0.052826669067144394,0.007282145321369171,0.11381611973047256
1746610000.6925726,0.06245263293385506,0.010920433327555656,0.09429357200860977
1746610000.849568,0.08002068102359772,0.013150479644536972,0.08702629804611206
1746610001.0199614,0.0960419625043869,0.017251212149858475,0.08351046591997147
1746610001.1677759,0.11482007801532745,0.021109722554683685,0.08291678875684738
1746610001.32982,0.13561315834522247,0.023473374545574188,0.08535271137952805
1746610001.5051785,0.15566204488277435,0.02684025466442108,0.08690942078828812
1746610001.6501763,0.1764853447675705,0.0294052604585886,0.0897783637046814
1746610001.809985,0.19640225172042847,0.032460767775774,0.09222190082073212
1746610001.9836843,0.2165597379207611,0.03482551500201225,0.0951574370265007
1746610002.1310282,0.23627710342407227,0.03735503554344177,0.0973435714840889
1746610002.293462,0.25551679730415344,0.03968431055545807,0.09975318610668182
1746610002.4642596,0.2748343050479889,0.04208361729979515,0.10282544046640396
1746610002.6110091,0.2937828004360199,0.044679831713438034,0.10581285506486893
1746610002.7705355,0.3112412691116333,0.046481985598802567,0.10854262113571167
1746610002.943733,0.018108921125531197,0.002399140503257513,0.11083532869815826
1746610003.0890033,0.03600052744150162,0.004172519315034151,0.0986059308052063
1746610003.2490628,0.04931846633553505,0.005311391316354275,0.08584100008010864
1746610003.4202478,0.05757168307900429,0.005583904683589935,0.07495224475860596
1746610003.5700643,0.06142783164978027,0.006588907912373543,0.0652109682559967
1746610003.7302735,0.06309182941913605,0.005901342257857323,0.05713469162583351
1746610003.9025955,0.05785128101706505,0.00457431934773922,0.05029140040278435
1746610004.0499454,0.049170393496751785,0.0018512543756514788,0.04542376101016998
1746610004.2123988,0.03688255697488785,-2.112697984557599e-06,0.04082494601607323
1746610004.38284,0.026150666177272797,-0.002280398504808545,0.03805660456418991
1746610004.535086,0.013810216449201107,-0.0032287253998219967,0.03484499827027321
1746610004.6947572,0.006133331451565027,-0.005215171258896589,0.03317641466856003
1746610004.8659937,-0.0014534217771142721,-0.0039927903562784195,0.03008308634161949
1746610005.012084,-0.008063182234764099,-0.0027056983672082424,0.026434699073433876
1746610005.1744998,-0.0070443484000861645,-0.004651953931897879,0.028082560747861862
1746610005.3474543,-0.00979668740183115,-0.0031592403538525105,0.026694661006331444
1746610005.4908996,-0.008209239691495895,-0.004677553661167622,0.02851042151451111
1746610005.6533012,-0.008326832205057144,-0.004795325919985771,0.028911074623465538
1746610005.823139,-0.006748986896127462,-0.005909561645239592,0.030423153191804886
1746610005.9730315,-0.005975522566586733,-0.006648482289165258,0.03181103616952896
1746610006.1321383,-0.004625596571713686,-0.007970243692398071,0.03336702287197113
1746610006.3048837,-0.0032425513491034508,-0.01028529368340969,0.033790163695812225
1746610006.4541407,-0.0026529370807111263,-0.010408299043774605,0.03542204946279526
1746610006.6222541,-0.002179991453886032,-0.01106913574039936,0.0352751724421978
1746610006.787904,0.00015739863738417625,-0.013273949734866619,0.036878906190395355
1746610006.9373887,-1.0061368811875582e-05,-0.01391975861042738,0.03651987761259079
1746610007.094575,0.0015003959415480494,-0.01634361781179905,0.03739793971180916
1746610007.2662935,0.0013874159194529057,-0.017332231625914574,0.03677518665790558
1746610007.4150457,0.002739281626418233,-0.01976356841623783,0.03724851459264755
1746610007.5740166,0.003391491249203682,-0.022077424451708794,0.03713218867778778
1746610007.7456,0.003913021180778742,-0.024232417345046997,0.03760724142193794
1746610007.8943124,0.004398816730827093,-0.024818871170282364,0.037628382444381714
1746610008.053674,0.004617369268089533,-0.027312979102134705,0.03803631290793419
1746610008.2246895,0.00456057395786047,-0.028810296207666397,0.03834202140569687
1746610008.3741486,0.004726027138531208,-0.03108026087284088,0.03826800733804703
1746610008.537975,0.005018534138798714,-0.033022698014974594,0.03764985501766205
1746610008.7108471,0.004829098470509052,-0.0350276418030262,0.03636534512042999
1746610008.8593805,0.006217931397259235,-0.03892965242266655,0.037157751619815826
1746610009.0149832,0.005780043546110392,-0.042363204061985016,0.035351190716028214
1746610009.1896265,0.006691257935017347,-0.04444152116775513,0.035312309861183167
1746610009.3368409,0.004273412749171257,-0.045854173600673676,0.03244366496801376
1746610009.4966648,0.005653299856930971,-0.04957301914691925,0.03287900239229202
1746610009.667582,0.0039409613236784935,-0.05151723325252533,0.03154728189110756
1746610009.8150358,0.004328575916588306,-0.05502989888191223,0.032346174120903015
1746610009.9771109,0.003100394969806075,-0.05757036432623863,0.03217171132564545
1746610010.1477838,0.0029317953158169985,-0.06075092405080795,0.03306862339377403
1746610010.2966557,0.002156245755031705,-0.06379419565200806,0.034136515110731125
1746610010.4562645,0.0018312297761440277,-0.06782044470310211,0.0358368381857872
1746610010.627487,0.001062249531969428,-0.0705205500125885,0.036412306129932404
1746610010.7773721,0.0002182538155466318,-0.07505007088184357,0.036737628281116486
1746610010.9401476,-0.0006764612626284361,-0.07735876739025116,0.038656238466501236
1746610011.1158898,-0.0016477768076583743,-0.08127676695585251,0.039757292717695236
1746610011.2649105,-0.002053172094747424,-0.08493543416261673,0.039951615035533905
1746610011.4247768,-0.003301556222140789,-0.08815529197454453,0.04005032405257225
1746610011.5935364,-0.0036069450434297323,-0.09201756119728088,0.04075583070516586
1746610011.7930903,-0.004581360146403313,-0.0956513062119484,0.041568782180547714
1746610011.9414093,-0.005494463723152876,-0.09937039762735367,0.04173984378576279
